"","concept_id","concept_code","concept_name","domain","vocabulary","is_standard","include_descendants"
"1",4299535,"77386006","Pregnant","Condition","SNOMED","S",TRUE
"2",4028244,"128292002","Chronic disease of cardiovascular system","Condition","SNOMED","S",TRUE
"3",4063381,"17097001","Chronic disease of respiratory system","Condition","SNOMED","S",TRUE
"4",317009,"195967001","Asthma","Condition","SNOMED","S",TRUE
"5",255573,"13645005","Chronic obstructive lung disease","Condition","SNOMED","S",TRUE
"6",201820,"73211009","Diabetes mellitus","Condition","SNOMED","S",TRUE
"7",439727,"86406008","Human immunodeficiency virus infection","Condition","SNOMED","S",TRUE
"8",316866,"38341003","Hypertensive disorder","Condition","SNOMED","S",TRUE
"9",438112,"55342001","Neoplastic disease","Condition","SNOMED","S",TRUE
"10",45768197,"706172005","Ventilator","Device","SNOMED","S",TRUE
"11",4281167,"36965003","Hemodialysis machine","Device","SNOMED","S",TRUE
"12",4222966,"336602003","Oxygen mask","Device","SNOMED","S",TRUE
"13",4224038,"336623009","Oxygen nasal cannula","Device","SNOMED","S",TRUE
"14",4138487,"426294006","Face tent oxygen delivery device","Device","SNOMED","S",FALSE
"15",4164918,"45633005","Peritoneal dialyzer","Device","SNOMED","S",FALSE
"16",21600280,"C01CA","Adrenergic and dopaminergic agents","Drug","ATC","C",TRUE
"17",1337720,"3616","dobutamine","Drug","RxNorm","S",FALSE
"18",1343916,"3992","epinephrine","Drug","RxNorm","S",FALSE
"19",1321341,"7512","norepinephrine","Drug","RxNorm","S",FALSE
"20",1135766,"8163","phenylephrine","Drug","RxNorm","S",FALSE
"21",1507835,"11149","vasopressin (USP)","Drug","RxNorm","S",FALSE
"22",38003563,"Hispanic","Hispanic or Latino","Ethnicity","Ethnicity","S",FALSE
"23",38003564,"Not Hispanic","Not Hispanic or Latino","Ethnicity","Ethnicity","S",FALSE
"24",8570,"A","AMBIGUOUS","Gender","Gender","N",FALSE
"25",8532,"F","FEMALE","Gender","Gender","S",FALSE
"26",8507,"M","MALE","Gender","Gender","S",FALSE
"27",8521,"O","OTHER","Gender","Gender","N",FALSE
"28",8551,"U","UNKNOWN","Gender","Gender","N",FALSE
"29",40652525,"LG5272-2","Alanine aminotransferase|CCnc|Pt|ANYBldSerPl","Measurement","LOINC","C",TRUE
"30",40652709,"LG6199-6","Bilirubin|MCnc|Pt|ANYBldSerPl","Measurement","LOINC","C",TRUE
"31",40652870,"LG6657-3","Creatinine|MCnc|Pt|ANYBldSerPl","Measurement","LOINC","C",TRUE
"32",40653994,"LG32849-8","Eosinophils|NCnc|Pt|Bld","Measurement","LOINC","C",TRUE
"33",40771922,"69405-9","Glomerular filtration rate/1.73 sq M.predicted [Volume Rate/Area] in Serum, Plasma or Blood","Measurement","LOINC","S",TRUE
"34",40653085,"LG7967-5","Glucose|MCnc|Pt|ANYBldSerPl","Measurement","LOINC","C",TRUE
"35",40653238,"LG6039-4","Lactate|SCnc|Pt|ANYBldSerPl","Measurement","LOINC","C",TRUE
"36",40654045,"LG32863-9","Lymphocytes|NCnc|Pt|Bld","Measurement","LOINC","C",TRUE
"37",40654069,"LG32885-2","Monocytes|NCnc|Pt|Bld","Measurement","LOINC","C",TRUE
"38",40654088,"LG32886-0","Neutrophils|NCnc|Pt|Bld","Measurement","LOINC","C",TRUE
"39",40762499,"59408-5","Oxygen saturation in Arterial blood by Pulse oximetry","Measurement","LOINC","S",FALSE
"40",40653596,"LG10990-6","Potassium|SCnc|Pt|ANYBldSerPl","Measurement","LOINC","C",TRUE
"41",40653762,"LG11363-5","Sodium|SCnc|Pt|ANYBldSerPl","Measurement","LOINC","C",TRUE
"42",40653900,"LG1314-6","Urea nitrogen|MCnc|Pt|ANYBldSerPl","Measurement","LOINC","C",TRUE
"43",37041593,"LP393946-1","aPTT | Platelet poor plasma | Coagulation","Measurement","LOINC","C",TRUE
"44",37042222,"LP392736-7","Basophils | Blood | Hematology and Cell counts","Measurement","LOINC","C",TRUE
"45",37041261,"LP393348-0","Erythrocyte distribution width | Red Blood Cells | Hematology and Cell counts","Measurement","LOINC","C",TRUE
"46",37070654,"LP385083-3","Ferritin | Serum or Plasma | Chemistry - non-challenge","Measurement","LOINC","C",TRUE
"47",37051715,"LP394015-4","Fibrin D-dimer FEU | Platelet poor plasma | Coagulation","Measurement","LOINC","C",TRUE
"48",37032427,"LP394019-6","Fibrinogen | Platelet poor plasma | Coagulation","Measurement","LOINC","C",TRUE
"49",37070108,"LP392479-4","Hematocrit | Blood | Hematology and Cell counts","Measurement","LOINC","C",TRUE
"50",37043992,"LP392599-9","Leukocytes | Blood | Hematology and Cell counts","Measurement","LOINC","C",TRUE
"51",37063873,"LP385942-0","Troponin I.cardiac | Serum or Plasma | Chemistry - non-challenge","Measurement","LOINC","C",TRUE
"52",4353936,"250774007","Inspired oxygen concentration","Measurement","SNOMED","S",FALSE
"53",4141684,"427081008","Delivered oxygen flow rate","Measurement","SNOMED","S",TRUE
"54",3018677,"14979-9","aPTT in Platelet poor plasma by Coagulation assay","Measurement","LOINC","S",FALSE
"55",3013721,"1920-8","Aspartate aminotransferase [Enzymatic activity/volume] in Serum or Plasma","Measurement","LOINC","S",FALSE
"56",3022893,"1916-6","Aspartate aminotransferase/Alanine aminotransferase [Enzymatic activity ratio] in Serum or Plasma","Measurement","LOINC","S",FALSE
"57",3006315,"26444-0","Basophils [#/volume] in Blood","Measurement","LOINC","S",FALSE
"58",3045524,"34543-9","Bilirubin direct and total panel [Mass/volume] - Serum or Plasma","Measurement","LOINC","S",FALSE
"59",3036277,"8302-2","Body height","Measurement","LOINC","S",FALSE
"60",3038553,"39156-5","Body mass index (BMI) [Ratio]","Measurement","LOINC","S",FALSE
"61",3020891,"8310-5","Body temperature","Measurement","LOINC","S",TRUE
"62",3025315,"29463-7","Body weight","Measurement","LOINC","S",FALSE
"63",3020460,"1988-5","C reactive protein [Mass/volume] in Serum or Plasma","Measurement","LOINC","S",FALSE
"64",3007220,"2157-6","Creatine kinase [Enzymatic activity/volume] in Serum or Plasma","Measurement","LOINC","S",TRUE
"65",3045262,"45066-8","Creatinine and Glomerular filtration rate.predicted panel - Serum, Plasma or Blood","Measurement","LOINC","S",TRUE
"66",3023361,"7799-0","Deprecated Fibrin D-dimer [Units/volume] in Platelet poor plasma","Measurement","LOINC","N",TRUE
"67",3012888,"8462-4","Diastolic blood pressure","Measurement","LOINC","S",TRUE
"68",3002385,"30385-9","Erythrocyte distribution width [Ratio]","Measurement","LOINC","S",FALSE
"69",3027018,"8867-4","Heart rate","Measurement","LOINC","S",FALSE
"70",3000963,"718-7","Hemoglobin [Mass/volume] in Blood","Measurement","LOINC","S",FALSE
"71",3005629,"3151-8","Inhaled oxygen flow rate","Measurement","LOINC","S",FALSE
"72",3022217,"6301-6","INR in Platelet poor plasma by Coagulation assay","Measurement","LOINC","S",FALSE
"73",3023091,"26881-3","Interleukin 6 [Mass/volume] in Serum or Plasma","Measurement","LOINC","S",TRUE
"74",3034022,"42929-0","Lactate dehydrogenase panel - Serum or Plasma","Measurement","LOINC","S",TRUE
"75",3027801,"2703-7","Oxygen [Partial pressure] in Arterial blood","Measurement","LOINC","S",FALSE
"76",3016502,"2708-6","Oxygen saturation in Arterial blood","Measurement","LOINC","S",FALSE
"77",3026238,"19996-8","Oxygen/Inspired gas Respiratory system --on ventilator","Measurement","LOINC","S",FALSE
"78",3007461,"26515-7","Platelets [#/volume] in Blood","Measurement","LOINC","S",FALSE
"79",3024929,"777-3","Platelets [#/volume] in Blood by Automated count","Measurement","LOINC","S",FALSE
"80",3010834,"778-1","Platelets [#/volume] in Blood by Manual count","Measurement","LOINC","S",FALSE
"81",3046279,"33959-8","Procalcitonin [Mass/volume] in Serum or Plasma","Measurement","LOINC","S",FALSE
"82",3034426,"5902-2","Prothrombin time (PT)","Measurement","LOINC","S",FALSE
"83",3024171,"9279-1","Respiratory rate","Measurement","LOINC","S",FALSE
"84",3004249,"8480-6","Systolic blood pressure","Measurement","LOINC","S",FALSE
"85",703443,"1300671000000104","COVID-19 severity scale","Measurement","SNOMED","S",FALSE
"86",45889365,"1012740","Dialysis Services and Procedures","Observation","CPT4","C",TRUE
"87",46235215,"76691-5","Gender identity","Observation","LOINC","S",TRUE
"88",36033639,"97155-6","SARS coronavirus 2 (COVID-19) immunization status","Observation","LOINC","S",TRUE
"89",4298794,"77176002","Smoker","Observation","SNOMED","S",TRUE
"90",4275495,"365981007","Tobacco smoking behavior - finding","Observation","SNOMED","S",TRUE
"91",4039922,"229306004","Positive pressure therapy","Observation","SNOMED","S",TRUE
"92",3046853,"32624-9","Race","Observation","LOINC","S",TRUE
"93",46257585,"1022227","Extracorporeal membrane oxygenation (ECMO)/extracorporeal life support (ECLS) provided by physician","Procedure","CPT4","C",TRUE
"94",45889034,"1012752","Hemodialysis Procedures","Procedure","CPT4","C",TRUE
"95",44790731,"240051000000102","Oxygen administration by non rebreather mask","Procedure","SNOMED","S",FALSE
"96",40486624,"447837008","Noninvasive positive pressure ventilation","Procedure","SNOMED","S",FALSE
"97",37018292,"714749008","Continuous renal replacement therapy","Procedure","SNOMED","S",FALSE
"98",4324124,"71192002","Peritoneal dialysis","Procedure","SNOMED","S",FALSE
"99",4230167,"40617009","Artificial respiration","Procedure","SNOMED","S",FALSE
"100",4237460,"408853006","Intermittent positive pressure ventilation via endotracheal tube","Procedure","SNOMED","S",TRUE
"101",4216695,"71786000","Intranasal oxygen therapy","Procedure","SNOMED","S",FALSE
"102",4120120,"302497006","Hemodialysis","Procedure","SNOMED","S",FALSE
"103",4201025,"315041000","High concentration oxygen therapy","Procedure","SNOMED","S",FALSE
"104",4119964,"304577004","Humidified oxygen therapy","Procedure","SNOMED","S",FALSE
"105",4177224,"428311008","Noninvasive ventilation","Procedure","SNOMED","S",FALSE
"106",4162736,"371908008","Oxygen administration by mask","Procedure","SNOMED","S",FALSE
"107",4155151,"371907003","Oxygen administration by nasal cannula","Procedure","SNOMED","S",FALSE
"108",4146536,"265764009","Renal dialysis","Procedure","SNOMED","S",FALSE
"109",2213576,"90945","Dialysis procedure other than hemodialysis (eg, peritoneal dialysis, hemofiltration, or other continuous renal replacement therapies), with single evaluation by a physician or other qualified health care professional","Procedure","CPT4","S",TRUE
"110",3171077,"28690001000004105","Emergent dialysis","Procedure","Nebraska Lexicon","S",FALSE
"111",4052536,"233573008","Extracorporeal membrane oxygenation","Procedure","SNOMED","S",TRUE
"112",3655950,"870533002","Heated and humidified high flow oxygen therapy","Procedure","SNOMED","S",FALSE
"113",2213573,"90937","Hemodialysis procedure requiring repeated evaluation(s) with or without substantial revision of dialysis prescription","Procedure","CPT4","S",FALSE
"114",2213572,"90935","Hemodialysis procedure with single evaluation by a physician or other qualified health care professional","Procedure","CPT4","S",FALSE
"115",4082249,"182714002","Oxygenator therapy","Procedure","SNOMED","S",FALSE
"116",3655896,"870386000","Vasopressor therapy","Procedure","SNOMED","S",TRUE
"117",8657,"1","American Indian or Alaska Native","Race","Race","S",FALSE
"118",8515,"2","Asian","Race","Race","S",FALSE
"119",8516,"3","Black or African American","Race","Race","S",FALSE
"120",8557,"4","Native Hawaiian or Other Pacific Islander","Race","Race","S",FALSE
"121",8527,"5","White","Race","Race","S",FALSE
